Model,Accuracy,Precision,Recall,F1 Score
Decision Tree,0.9588615782664942,0.9525267993874426,0.9658385093167702,0.9591364687740941
