Model,Accuracy,Precision,Recall,F1 Score
Hybrid (RF + KNN),0.9746442432082795,0.9731682146542827,0.9761904761904762,0.9746770025839794
