Model,Accuracy,Precision,Recall,F1 Score
KNN,0.9567917205692109,0.9306979014153246,0.9870600414078675,0.9580507410198442
