Model,Accuracy,Precision,Recall,F1 Score
Logistic Regression,0.8354463130659767,0.8439490445859873,0.8229813664596274,0.8333333333333334
