Model,Accuracy,Precision,Recall,F1 Score
KNN,0.9567917205692108,0.9306979014153246,0.9870600414078676,0.9580507410198442
Random Forest,0.9736093143596378,0.964467005076142,0.9834368530020704,0.97385955920041
Decision Tree,0.9588615782664942,0.9525267993874426,0.9658385093167702,0.959136468774094
Logistic Regression,0.8354463130659767,0.8439490445859873,0.8229813664596274,0.8333333333333334
