Model,Accuracy,Precision,Recall,F1 Score
Random Forest,0.9736093143596378,0.9644670050761421,0.9834368530020704,0.97385955920041
